<?xml version="1.0" encoding="UTF-8" standalone="yes"?>
<escapeGameInitializer>
    <coordinateType>HEX</coordinateType>
    <locationInitializers>
        <x>0</x>
        <y>-1</y>
        <locationType>CLEAR</locationType>
        <player>PLAYER1</player>
        <pieceName>FROG</pieceName>
    </locationInitializers>
    <locationInitializers>
        <x>-1</x>
        <y>0</y>
        <locationType>CLEAR</locationType>
        <player>PLAYER1</player>
        <pieceName>FROG</pieceName>
    </locationInitializers>
    <locationInitializers>
        <x>1</x>
        <y>-2</y>
        <locationType>CLEAR</locationType>
        <player>PLAYER1</player>
        <pieceName>FROG</pieceName>
    </locationInitializers>
    <locationInitializers>
        <x>0</x>
        <y>1</y>
        <locationType>CLEAR</locationType>
    </locationInitializers>
    <pieceTypes>
        <attributes>
            <attrType>INTEGER</attrType>
            <booleanValue>false</booleanValue>
            <id>DISTANCE</id>
            <intValue>5</intValue>
        </attributes>
        <attributes>
            <attrType>BOOLEAN</attrType>
            <booleanValue>true</booleanValue>
            <id>JUMP</id>
            <intValue>0</intValue>
        </attributes>
        <movementPattern>LINEAR</movementPattern>
        <pieceName>FROG</pieceName>
    </pieceTypes>
    <pieceTypes>
        <attributes>
            <attrType>INTEGER</attrType>
            <booleanValue>false</booleanValue>
            <id>DISTANCE</id>
            <intValue>4</intValue>
        </attributes>
        <movementPattern>DIAGONAL</movementPattern>
        <pieceName>HUMMINGBIRD</pieceName>
    </pieceTypes>
    <pieceTypes>
        <attributes>
            <attrType>BOOLEAN</attrType>
            <booleanValue>false</booleanValue>
            <id>JUMP</id>
            <intValue>0</intValue>
        </attributes>
        <attributes>
            <attrType>INTEGER</attrType>
            <booleanValue>false</booleanValue>
            <id>VALUE</id>
            <intValue>3</intValue>
        </attributes>
        <attributes>
            <attrType>INTEGER</attrType>
            <booleanValue>false</booleanValue>
            <id>DISTANCE</id>
            <intValue>4</intValue>
        </attributes>
        <movementPattern>ORTHOGONAL</movementPattern>
        <pieceName>FOX</pieceName>
    </pieceTypes>
    <xMax>8</xMax>
    <yMax>8</yMax>
</escapeGameInitializer>