<?xml version="1.0" encoding="UTF-8" standalone="yes"?>
<escapeGameInitializer>
    <coordinateType>SQUARE</coordinateType>
    <locationInitializers>
        <x>3</x>
        <y>4</y>
        <locationType>CLEAR</locationType>
    </locationInitializers>
    <locationInitializers>
        <x>5</x>
        <y>6</y>
        <locationType>BLOCK</locationType>
    </locationInitializers>
    <locationInitializers>
        <x>2</x>
        <y>2</y>
        <locationType>CLEAR</locationType>
        <player>PLAYER1</player>
        <pieceName>HORSE</pieceName>
    </locationInitializers>
    <pieceTypes>
        <attributes>
            <attrType>INTEGER</attrType>
            <booleanValue>false</booleanValue>
            <id>DISTANCE</id>
            <intValue>5</intValue>
        </attributes>
        <movementPattern>LINEAR</movementPattern>
        <pieceName>FROG</pieceName>
    </pieceTypes>
    <xMax>20</xMax>
    <yMax>25</yMax>
</escapeGameInitializer>