<?xml version="1.0" encoding="UTF-8" standalone="yes"?>
<escapeGameInitializer>
    <coordinateType>SQUARE</coordinateType>
    <locationInitializers>
        <x>2</x>
        <y>2</y>
        <locationType>BLOCK</locationType>
    </locationInitializers>
    <locationInitializers>
        <x>2</x>
        <y>3</y>
        <locationType>BLOCK</locationType>
    </locationInitializers>
    <locationInitializers>
        <x>2</x>
        <y>4</y>
        <locationType>BLOCK</locationType>
    </locationInitializers>
    <locationInitializers>
        <x>3</x>
        <y>4</y>
        <locationType>BLOCK</locationType>
    </locationInitializers>
    <locationInitializers>
        <x>6</x>
        <y>2</y>
        <locationType>BLOCK</locationType>
    </locationInitializers>
    <locationInitializers>
        <x>6</x>
        <y>3</y>
        <locationType>BLOCK</locationType>
    </locationInitializers>
    <locationInitializers>
        <x>6</x>
        <y>5</y>
        <locationType>BLOCK</locationType>
    </locationInitializers>
    <locationInitializers>
        <x>6</x>
        <y>6</y>
        <locationType>BLOCK</locationType>
    </locationInitializers>
    <locationInitializers>
        <x>3</x>
        <y>4</y>
        <locationType>CLEAR</locationType>
    </locationInitializers>
    <locationInitializers>
        <x>5</x>
        <y>6</y>
        <locationType>BLOCK</locationType>
    </locationInitializers>
    <pieceTypes>
        <attributes>
            <attrType>BOOLEAN</attrType>
            <booleanValue>true</booleanValue>
            <id>JUMP</id>
            <intValue>8</intValue>
        </attributes>
        <movementPattern>LINEAR</movementPattern>
        <pieceName>FROG</pieceName>
    </pieceTypes>
    <pieceTypes>
        <attributes>
            <attrType>BOOLEAN</attrType>
            <booleanValue>true</booleanValue>
            <id>JUMP</id>
            <intValue>8</intValue>
        </attributes>
        <movementPattern>OMNI</movementPattern>
        <pieceName>HUMMINGBIRD</pieceName>
    </pieceTypes>
    <pieceTypes>
        <attributes>
            <attrType>BOOLEAN</attrType>
            <booleanValue>true</booleanValue>
            <id>JUMP</id>
            <intValue>8</intValue>
        </attributes>
        <attributes>
            <attrType>INTEGER</attrType>
            <booleanValue>false</booleanValue>
            <id>VALUE</id>
            <intValue>3</intValue>
        </attributes>
        <attributes>
            <attrType>INTEGER</attrType>
            <booleanValue>false</booleanValue>
            <id>DISTANCE</id>
            <intValue>2</intValue>
        </attributes>
        <movementPattern>ORTHOGONAL</movementPattern>
        <pieceName>FOX</pieceName>
    </pieceTypes>
    <xMax>8</xMax>
    <yMax>8</yMax>
</escapeGameInitializer>