<?xml version="1.0" encoding="UTF-8" standalone="yes"?>
<escapeGameInitializer>
    <coordinateType>SQUARE</coordinateType>
    <locationInitializers>
        <x>3</x>
        <y>1</y>
        <locationType>CLEAR</locationType>
        <player>PLAYER1</player>
        <pieceName>FOX</pieceName>
    </locationInitializers>
    <locationInitializers>
        <x>1</x>
        <y>3</y>
        <locationType>CLEAR</locationType>
        <player>PLAYER1</player>
        <pieceName>FOX</pieceName>
    </locationInitializers>
    <locationInitializers>
        <x>1</x>
        <y>5</y>
        <locationType>CLEAR</locationType>
        <player>PLAYER2</player>
        <pieceName>FOX</pieceName>
    </locationInitializers>
    <locationInitializers>
        <x>3</x>
        <y>3</y>
        <locationType>CLEAR</locationType>
        <player>PLAYER2</player>
        <pieceName>HUMMINGBIRD</pieceName>
    </locationInitializers>
    <locationInitializers>
        <x>4</x>
        <y>4</y>
        <locationType>CLEAR</locationType>
        <player>PLAYER2</player>
        <pieceName>FROG</pieceName>
    </locationInitializers>
    <locationInitializers>
        <x>1</x>
        <y>2</y>
        <locationType>EXIT</locationType>
    </locationInitializers>
    <locationInitializers>
        <x>1</x>
        <y>1</y>
        <locationType>BLOCK</locationType>
    </locationInitializers>
    <pieceTypes>
        <attributes>
            <attrType>INTEGER</attrType>
            <booleanValue>false</booleanValue>
            <id>DISTANCE</id>
            <intValue>5</intValue>
        </attributes>
        <attributes>
            <attrType>INTEGER</attrType>
            <booleanValue>false</booleanValue>
            <id>VALUE</id>
            <intValue>20</intValue>
        </attributes>
        <movementPattern>LINEAR</movementPattern>
        <pieceName>FROG</pieceName>
    </pieceTypes>
    <pieceTypes>
        <attributes>
            <attrType>INTEGER</attrType>
            <booleanValue>false</booleanValue>
            <id>FLY</id>
            <intValue>0</intValue>
        </attributes>
        <attributes>
            <attrType>INTEGER</attrType>
            <booleanValue>false</booleanValue>
            <id>VALUE</id>
            <intValue>5</intValue>
        </attributes>
        <movementPattern>OMNI</movementPattern>
        <pieceName>HUMMINGBIRD</pieceName>
    </pieceTypes>
    <pieceTypes>
        <attributes>
            <attrType>INTEGER</attrType>
            <booleanValue>false</booleanValue>
            <id>VALUE</id>
            <intValue>10</intValue>
        </attributes>
        <attributes>
            <attrType>BOOLEAN</attrType>
            <booleanValue>true</booleanValue>
            <id>UNBLOCK</id>
            <intValue>0</intValue>
        </attributes>
        <attributes>
            <attrType>INTEGER</attrType>
            <booleanValue>false</booleanValue>
            <id>DISTANCE</id>
            <intValue>4</intValue>
        </attributes>
        <movementPattern>OMNI</movementPattern>
        <pieceName>FOX</pieceName>
    </pieceTypes>
    <rules>
        <id>TURN_LIMIT</id>
        <intValue>5</intValue>
    </rules>
    <rules>
        <id>POINT_CONFLICT</id>
        <intValue>0</intValue>
    </rules>
    <xMax>8</xMax>
    <yMax>8</yMax>
</escapeGameInitializer>